{
  "required": true,
  "compatibilityLevel": "JAVA_8",
  "package": "cascade.mixin.mixins",
  "refmap": "mixins.cascade.refmap.json",
  "mixins": [
    "MixinBlock",
    "MixinBlockLiquid",
    "MixinBlockSoulSand",
    "MixinEntity",
    "MixinEntityLivingBase",
    "MixinEntityPlayerSP",
    "MixinEntityRenderer",
    "MixinFontRenderer",
    "MixinGuiIngame",
    "MixinGuiPlayerTabOverlay",
    "MixinGuiScreen",
    "MixinGuiToast",
    "MixinItemRenderer",
    "MixinItemStack",
    "MixinLayerArmorBase",
    "MixinMinecraft",
    "MixinNetworkManager",
    "MixinPlayerControllerMP",
    "MixinRenderEnderCrystal",
    "MixinRenderGlobal",
    "MixinRenderItem",
    "MixinRenderLivingBase",
    "MixinRenderPlayer",
    "MixinWorld",
    "MixinWorldClient",
    "accessor.ICPacketChatMessage",
    "accessor.ICPacketPlayerTryUseItemOnBlock",
    "accessor.ICPacketUseEntity",
    "accessor.IEntity",
    "accessor.IEntityLivingBase",
    "accessor.IEntityPlayerSP",
    "accessor.IEntityRenderer",
    "accessor.IKeybinding",
    "accessor.IMinecraft",
    "accessor.ISPacketPlayerPosLook",
    "accessor.ITimer"
  ]
}